{
  "$schema": "http://json-schema.org/draft-07/schema#",
  "title": "Business JSON Schema",
  "type": "object",
  "additionalProperties": false,

  "required": [
    "business_name",
    "channel",
    "product",
    "brand_voice",
    "funnel",
    "objections_and_answers",
    "faqs",
    "handoff_rules",
    "compliance"
  ],

  "properties": {
    "business_name": {
      "type": "string",
      "minLength": 1
    },

    "channel": {
      "type": "string",
      "enum": ["WhatsApp"]
    },

    "product": {
      "type": "object",
      "additionalProperties": false,
      "required": [
        "name",
        "type",
        "price",
        "target_audience",
        "main_benefits",
        "features",
        "guarantees",
        "bonuses",
        "limitations"
      ],
      "properties": {
        "name": { "type": "string", "minLength": 1 },

        "type": { "type": "string", "minLength": 1 },

        "price": {
          "type": "object",
          "additionalProperties": false,
          "required": ["full", "installments", "notes"],
          "properties": {
            "full": { "type": "string", "minLength": 1 },
            "installments": { "type": "string", "minLength": 1 },
            "notes": { "type": "string", "minLength": 1 }
          }
        },

        "target_audience": {
          "type": "string",
          "minLength": 1
        },

        "main_benefits": {
          "type": "array",
          "minItems": 1,
          "items": { "type": "string", "minLength": 1 }
        },

        "features": {
          "type": "array",
          "minItems": 1,
          "items": { "type": "string", "minLength": 1 }
        },

        "guarantees": {
          "type": "string",
          "minLength": 1
        },

        "bonuses": {
          "type": "array",
          "items": { "type": "string", "minLength": 1 }
        },

        "limitations": {
          "type": "array",
          "items": { "type": "string", "minLength": 1 }
        }
      }
    },

    "brand_voice": {
      "type": "object",
      "additionalProperties": false,
      "required": ["tone", "style_guidelines", "do_not"],
      "properties": {
        "tone": { "type": "string", "minLength": 1 },

        "style_guidelines": {
          "type": "array",
          "minItems": 1,
          "items": { "type": "string", "minLength": 1 }
        },

        "do_not": {
          "type": "array",
          "minItems": 1,
          "items": { "type": "string", "minLength": 1 }
        }
      }
    },

    "funnel": {
      "type": "object",
      "additionalProperties": false,
      "required": ["stages", "default_stage"],
      "properties": {
        "stages": {
          "type": "array",
          "minItems": 1,
          "items": { "type": "string", "minLength": 1 }
        },

        "default_stage": {
          "type": "string",
          "minLength": 1
        }
      }
    },

    "objections_and_answers": {
      "type": "array",
      "minItems": 1,
      "items": {
        "type": "object",
        "additionalProperties": false,
        "required": ["objection", "strategy", "example_reply"],
        "properties": {
          "objection": { "type": "string", "minLength": 1 },
          "strategy": { "type": "string", "minLength": 1 },
          "example_reply": { "type": "string", "minLength": 1 }
        }
      }
    },

    "faqs": {
      "type": "array",
      "items": {
        "type": "object",
        "additionalProperties": false,
        "required": ["question", "answer"],
        "properties": {
          "question": { "type": "string", "minLength": 1 },
          "answer": { "type": "string", "minLength": 1 }
        }
      }
    },

    "handoff_rules": {
      "type": "object",
      "additionalProperties": false,
      "required": ["send_to_human_if", "human_contact_message"],
      "properties": {
        "send_to_human_if": {
          "type": "array",
          "minItems": 1,
          "items": { "type": "string", "minLength": 1 }
        },

        "human_contact_message": {
          "type": "string",
          "minLength": 1
        }
      }
    },

    "compliance": {
      "type": "object",
      "additionalProperties": false,
      "required": ["forbidden_claims", "legal_notes"],
      "properties": {
        "forbidden_claims": {
          "type": "array",
          "minItems": 1,
          "items": { "type": "string", "minLength": 1 }
        },

        "legal_notes": {
          "type": "array",
          "minItems": 1,
          "items": { "type": "string", "minLength": 1 }
        }
      }
    }
  }
}
