{
  "faqs": [
    {
      "q": "Hidraliso é compatível com qual tipo de cabelo?",
      "a": "O produto é indicado para diferentes tipos e tons de cabelo, inclusive fios com histórico de química. É importante seguir o modo de uso e, em caso de dúvida, fazer um teste de mecha antes de aplicar no cabelo todo."
    },
    {
      "q": "O produto contém formol?",
      "a": "Não. A proposta do produto é proporcionar realinhamento e efeito mais liso sem o uso de formol, sem ardência e sem cheiro forte."
    },
    {
      "q": "Preciso ir ao salão para usar?",
      "a": "A proposta do Hidraliso é ser aplicado em casa, seguindo o passo a passo de uso. A página oficial informa que a aplicação é simples e prática, pensada para ser feita por qualquer pessoa com atenção às instruções."
    },
    {
      "q": "Em quanto tempo vejo resultado?",
      "a": "O site destaca que o cabelo já pode ficar mais liso e hidratado desde a primeira aplicação, mas o resultado final pode variar de acordo com o tipo e a condição atual dos fios."
    },
    {
      "q": "Tem frete grátis?",
      "a": "As ofertas apresentadas na página oficial indicam frete grátis para todo o Brasil em determinados kits. É sempre importante conferir as condições no momento da compra."
    },
    {
      "q": "Posso parcelar a compra?",
      "a": "Sim. As ofertas mostram a opção de parcelamento em até 12x no cartão, conforme a plataforma de pagamento utilizada."
    }
  ]
}
