{
  "title": "Hidraliso - Liso em poucos minutos em casa",
  "subtitle": "Tratamento de realinhamento capilar para deixar os fios mais lisos, alinhados e hidratados sem sair de casa.",
  "bullets": [
    "Alisamento rápido e prático feito em casa.",
    "Sem formol, sem ardência e sem cheiro forte.",
    "Ajuda a deixar o cabelo mais liso e hidratado já na primeira aplicação.",
    "Indicado para todos os tipos e tons de cabelo.",
    "Compatível com diferentes químicas capilares, seguindo sempre a orientação do fabricante.",
    "Auxilia na redução de frizz, pontas duplas e aspecto ressecado."
  ],
  "problems_addressed": [
    "Fios fracos e quebradiços.",
    "Frizz e pontas duplas.",
    "Cabelo ressecado e poroso.",
    "Cabelo sem brilho e desalinhado."
  ],
  "value_proposition": "Oferecer um cabelo mais alinhado, com menos frizz e com aparência mais lisa, de forma prática e acessível, feita em casa.",
  "target": "Pessoas que querem deixar o cabelo mais liso, alinhado, sem frizz e com mais brilho, usando um tratamento em casa.",
  "use_at_home": true,
  "brand": "Hidraliso",
  "selling_points": [
    "Produto de uso em casa, com passo a passo simples.",
    "Pensado para diferentes tipos de cabelo.",
    "Kits com variações de quantidade e produtos combinados.",
    "Opções com frete grátis para todo o Brasil, dependendo da oferta."
  ]
}
